{
  "firstLayout": "",
  "gdVersion": {
    "build": 99,
    "major": 4,
    "minor": 0,
    "revision": 0
  },
  "properties": {
    "adaptGameResolutionAtRuntime": true,
    "folderProject": true,
    "orientation": "landscape",
    "packageName": "com.ahnaf30e.gdanitor",
    "pixelsRounding": true,
    "projectUuid": "72475ff2-c736-4470-95f9-df650e26e9ff",
    "scaleMode": "nearest",
    "sizeOnStartupMode": "",
    "templateSlug": "",
    "useExternalSourceFiles": false,
    "version": "0.1.0",
    "name": "GDanitor",
    "description": "A tool for making animations for your games in GDevelop :D",
    "author": "",
    "windowWidth": 1920,
    "windowHeight": 1080,
    "latestCompilationDirectory": "G:\\OthersDesktop1\\my stuff\\Gdevelop25thing\\gitstuffidk\\importantZCARPZ\\buildos\\gdanitor0-1-0-beta",
    "maxFPS": 180,
    "minFPS": 20,
    "verticalSync": false,
    "platformSpecificAssets": {
      "android-icon-144": "assets\\lgotas\\selogua\\android-icon-144.png",
      "android-icon-192": "assets\\lgotas\\selogua\\android-icon-192.png",
      "android-icon-36": "assets\\lgotas\\selogua\\android-icon-36.png",
      "android-icon-48": "assets\\lgotas\\selogua\\android-icon-48.png",
      "android-icon-72": "assets\\lgotas\\selogua\\android-icon-72.png",
      "android-icon-96": "assets\\lgotas\\selogua\\android-icon-96.png",
      "android-windowSplashScreenAnimatedIcon": "assets\\lgotas\\selogua\\android-windowSplashScreenAnimatedIcon.png",
      "desktop-icon-512": "assets\\lgotas\\selogua\\desktop-icon-512.png",
      "ios-icon-100": "assets\\lgotas\\selogua\\ios-icon-100.png",
      "ios-icon-1024": "assets\\lgotas\\selogua\\ios-icon-1024.png",
      "ios-icon-114": "assets\\lgotas\\selogua\\ios-icon-114.png",
      "ios-icon-120": "assets\\lgotas\\selogua\\ios-icon-120.png",
      "ios-icon-144": "assets\\lgotas\\selogua\\ios-icon-144.png",
      "ios-icon-152": "assets\\lgotas\\selogua\\ios-icon-152.png",
      "ios-icon-167": "assets\\lgotas\\selogua\\ios-icon-167.png",
      "ios-icon-180": "assets\\lgotas\\selogua\\ios-icon-180.png",
      "ios-icon-20": "ios-icon-20.png",
      "ios-icon-29": "ios-icon-29.png",
      "ios-icon-40": "ios-icon-40.png",
      "ios-icon-50": "ios-icon-50.png",
      "ios-icon-57": "ios-icon-57.png",
      "ios-icon-58": "assets\\lgotas\\selogua\\ios-icon-58.png",
      "ios-icon-60": "assets\\lgotas\\selogua\\ios-icon-60.png",
      "ios-icon-72": "assets\\lgotas\\selogua\\ios-icon-72.png",
      "ios-icon-76": "assets\\lgotas\\selogua\\ios-icon-76.png",
      "ios-icon-80": "assets\\lgotas\\selogua\\ios-icon-80.png",
      "ios-icon-87": "assets\\lgotas\\selogua\\ios-icon-87.png",
      "liluo-thumbnail": "assets\\lgotas\\selogua\\dayum.png"
    },
    "loadingScreen": {
      "backgroundColor": 0,
      "backgroundFadeInDuration": 0.2,
      "backgroundImageResourceName": "",
      "gdevelopLogoStyle": "light",
      "logoAndProgressFadeInDuration": 0.2,
      "logoAndProgressLogoFadeInDelay": 0.2,
      "minDuration": 1.5,
      "progressBarColor": 16777215,
      "progressBarHeight": 20,
      "progressBarMaxWidth": 200,
      "progressBarMinWidth": 40,
      "progressBarWidthPercent": 30,
      "showGDevelopSplash": true,
      "showProgressBar": true
    },
    "authorIds": [
      "onPsboRtDkUHNOsx7OPr8R8G1oj2"
    ],
    "categories": [
      "simulation"
    ],
    "playableDevices": [
      "keyboard"
    ],
    "extensionProperties": [],
    "platforms": [
      {
        "name": "GDevelop JS platform"
      }
    ],
    "currentPlatform": "GDevelop JS platform"
  },
  "resources": {
    "resources": [
      {
        "alwaysLoaded": false,
        "file": "assets/NewSprite-1.png",
        "kind": "image",
        "metadata": "",
        "name": "assets\\NewSprite-1.png",
        "smoothed": false,
        "userAdded": false
      },
      {
        "alwaysLoaded": false,
        "file": "assets/box1-1.png",
        "kind": "image",
        "metadata": "",
        "name": "assets\\box1-1.png",
        "smoothed": false,
        "userAdded": true
      },
      {
        "alwaysLoaded": false,
        "file": "assets/normal-invert.png",
        "kind": "image",
        "metadata": "",
        "name": "assets\\normal-invert.png",
        "smoothed": false,
        "userAdded": true
      },
      {
        "alwaysLoaded": false,
        "file": "assets/hue200.png",
        "kind": "image",
        "metadata": "",
        "name": "assets\\hue200.png",
        "smoothed": false,
        "userAdded": true
      },
      {
        "alwaysLoaded": false,
        "file": "assets/Angle-1.png",
        "kind": "image",
        "metadata": "",
        "name": "assets\\Angle-1.png",
        "smoothed": false,
        "userAdded": true
      },
      {
        "alwaysLoaded": false,
        "file": "assets/NewFile-1.png",
        "kind": "image",
        "metadata": "",
        "name": "assets\\NewFile-1.png",
        "smoothed": false,
        "userAdded": false
      },
      {
        "alwaysLoaded": false,
        "file": "assets/nodes/all.png",
        "kind": "image",
        "metadata": "",
        "name": "assets\\nodes\\all.png",
        "smoothed": false,
        "userAdded": true
      },
      {
        "alwaysLoaded": false,
        "file": "buttonzx/pen-1.png",
        "kind": "image",
        "metadata": "",
        "name": "buttonzx\\pen-1.png",
        "smoothed": false,
        "userAdded": true
      },
      {
        "alwaysLoaded": false,
        "file": "assets/redSelectTool-1.png",
        "kind": "image",
        "metadata": "",
        "name": "assets\\redSelectTool-1.png",
        "smoothed": false,
        "userAdded": true
      },
      {
        "file": "Minecraft.ttf",
        "kind": "font",
        "metadata": "",
        "name": "Minecraft.ttf",
        "userAdded": true
      },
      {
        "alwaysLoaded": false,
        "file": "assets/sixze.png",
        "kind": "image",
        "metadata": "",
        "name": "assets\\sixze.png",
        "smoothed": false,
        "userAdded": false
      },
      {
        "alwaysLoaded": false,
        "file": "assets/Angle-1-0.png",
        "kind": "image",
        "metadata": "",
        "name": "assets\\Angle-1-0.png",
        "smoothed": false,
        "userAdded": false
      },
      {
        "alwaysLoaded": false,
        "file": "assets/Angle-1-1.png",
        "kind": "image",
        "metadata": "",
        "name": "assets\\Angle-1-1.png",
        "smoothed": false,
        "userAdded": true
      },
      {
        "alwaysLoaded": false,
        "file": "assets/Size-1.png",
        "kind": "image",
        "metadata": "",
        "name": "assets\\Size-1.png",
        "smoothed": false,
        "userAdded": false
      },
      {
        "alwaysLoaded": false,
        "file": "assets/Angle-1-2.png",
        "kind": "image",
        "metadata": "",
        "name": "assets\\Angle-1-2.png",
        "smoothed": false,
        "userAdded": false
      },
      {
        "alwaysLoaded": false,
        "file": "assets/paramlist-1.png",
        "kind": "image",
        "metadata": "",
        "name": "assets\\paramlist-1.png",
        "smoothed": false,
        "userAdded": false
      },
      {
        "alwaysLoaded": false,
        "file": "buttonzx/boxdrag.png",
        "kind": "image",
        "metadata": "",
        "name": "buttonzx\\boxdrag.png",
        "smoothed": false,
        "userAdded": false
      },
      {
        "alwaysLoaded": false,
        "file": "buttonzx/nah.png",
        "kind": "image",
        "metadata": "",
        "name": "buttonzx\\nah.png",
        "smoothed": false,
        "userAdded": true
      },
      {
        "alwaysLoaded": false,
        "file": "buttonzx/right.png",
        "kind": "image",
        "metadata": "",
        "name": "buttonzx\\right.png",
        "smoothed": false,
        "userAdded": true
      },
      {
        "alwaysLoaded": false,
        "file": "assets/empty/empty-1.png",
        "kind": "image",
        "metadata": "",
        "name": "assets\\empty\\empty-1.png",
        "smoothed": false,
        "userAdded": true
      },
      {
        "alwaysLoaded": false,
        "file": "assets/empty/boxImage-1.png",
        "kind": "image",
        "metadata": "",
        "name": "assets\\empty\\boxImage-1.png",
        "smoothed": false,
        "userAdded": true
      },
      {
        "alwaysLoaded": false,
        "file": "assets/empty/NewSprite-1.png",
        "kind": "image",
        "metadata": "",
        "name": "assets\\empty\\NewSprite-1.png",
        "smoothed": false,
        "userAdded": false
      },
      {
        "alwaysLoaded": false,
        "file": "assets/empty/NewSprite-1-0.png",
        "kind": "image",
        "metadata": "",
        "name": "assets\\empty\\NewSprite-1-0.png",
        "smoothed": false,
        "userAdded": true
      },
      {
        "alwaysLoaded": false,
        "file": "assets/infinity/grid.png",
        "kind": "image",
        "metadata": "",
        "name": "assets\\infinity\\grid.png",
        "smoothed": false,
        "userAdded": true
      },
      {
        "alwaysLoaded": false,
        "file": "buttonzx/center.png",
        "kind": "image",
        "metadata": "",
        "name": "buttonzx\\center.png",
        "smoothed": false,
        "userAdded": true
      },
      {
        "alwaysLoaded": false,
        "file": "assets/lgotas/asdsdasd.png",
        "kind": "image",
        "metadata": "",
        "name": "assets\\lgotas\\asdsdasd.png",
        "smoothed": false,
        "userAdded": true
      },
      {
        "file": "alagard.ttf",
        "kind": "font",
        "metadata": "",
        "name": "alagard.ttf",
        "userAdded": true
      },
      {
        "alwaysLoaded": false,
        "file": "buttonzx/gooo.png",
        "kind": "image",
        "metadata": "",
        "name": "buttonzx\\gooo.png",
        "smoothed": false,
        "userAdded": true
      },
      {
        "alwaysLoaded": false,
        "file": "buttonzx/plate.png",
        "kind": "image",
        "metadata": "",
        "name": "buttonzx\\plate.png",
        "smoothed": false,
        "userAdded": true
      },
      {
        "alwaysLoaded": false,
        "file": "buttonzx/createnew.png",
        "kind": "image",
        "metadata": "",
        "name": "buttonzx\\createnew.png",
        "smoothed": false,
        "userAdded": false
      },
      {
        "alwaysLoaded": false,
        "file": "buttonzx/loadlast.png",
        "kind": "image",
        "metadata": "",
        "name": "buttonzx\\loadlast.png",
        "smoothed": false,
        "userAdded": true
      },
      {
        "alwaysLoaded": false,
        "file": "assets/lgotas/gfgf.png",
        "kind": "image",
        "metadata": "",
        "name": "assets\\lgotas\\gfgf.png",
        "smoothed": false,
        "userAdded": false
      },
      {
        "alwaysLoaded": false,
        "file": "buttonzx/saveskelli.png",
        "kind": "image",
        "metadata": "",
        "name": "buttonzx\\saveskelli.png",
        "smoothed": false,
        "userAdded": true
      },
      {
        "alwaysLoaded": false,
        "file": "assets/NewSprite-1-0.png",
        "kind": "image",
        "metadata": "",
        "name": "assets\\NewSprite-1-0.png",
        "smoothed": false,
        "userAdded": true
      },
      {
        "alwaysLoaded": false,
        "file": "buttonzx/plate-1.png",
        "kind": "image",
        "metadata": "",
        "name": "buttonzx\\plate-1.png",
        "smoothed": false,
        "userAdded": true
      },
      {
        "alwaysLoaded": false,
        "file": "NewSprite2-1.png",
        "kind": "image",
        "metadata": "",
        "name": "NewSprite2-1.png",
        "smoothed": false,
        "userAdded": false
      },
      {
        "alwaysLoaded": false,
        "file": "buttonzx/saveanim.png",
        "kind": "image",
        "metadata": "",
        "name": "buttonzx\\saveanim.png",
        "smoothed": false,
        "userAdded": true
      },
      {
        "alwaysLoaded": false,
        "file": "buttonzx/home.png",
        "kind": "image",
        "metadata": "",
        "name": "buttonzx\\home.png",
        "smoothed": false,
        "userAdded": false
      },
      {
        "alwaysLoaded": false,
        "file": "assets/lgotas/selogua/desktop-icon-512.png",
        "kind": "image",
        "metadata": "",
        "name": "assets\\lgotas\\selogua\\desktop-icon-512.png",
        "smoothed": false,
        "userAdded": true
      },
      {
        "alwaysLoaded": false,
        "file": "assets/lgotas/selogua/android-windowSplashScreenAnimatedIcon.png",
        "kind": "image",
        "metadata": "",
        "name": "assets\\lgotas\\selogua\\android-windowSplashScreenAnimatedIcon.png",
        "smoothed": false,
        "userAdded": false
      },
      {
        "alwaysLoaded": false,
        "file": "assets/lgotas/selogua/android-icon-192.png",
        "kind": "image",
        "metadata": "",
        "name": "assets\\lgotas\\selogua\\android-icon-192.png",
        "smoothed": false,
        "userAdded": false
      },
      {
        "alwaysLoaded": false,
        "file": "assets/lgotas/selogua/android-icon-144.png",
        "kind": "image",
        "metadata": "",
        "name": "assets\\lgotas\\selogua\\android-icon-144.png",
        "smoothed": false,
        "userAdded": false
      },
      {
        "alwaysLoaded": false,
        "file": "assets/lgotas/selogua/android-icon-96.png",
        "kind": "image",
        "metadata": "",
        "name": "assets\\lgotas\\selogua\\android-icon-96.png",
        "smoothed": false,
        "userAdded": false
      },
      {
        "alwaysLoaded": false,
        "file": "assets/lgotas/selogua/android-icon-72.png",
        "kind": "image",
        "metadata": "",
        "name": "assets\\lgotas\\selogua\\android-icon-72.png",
        "smoothed": false,
        "userAdded": false
      },
      {
        "alwaysLoaded": false,
        "file": "assets/lgotas/selogua/android-icon-48.png",
        "kind": "image",
        "metadata": "",
        "name": "assets\\lgotas\\selogua\\android-icon-48.png",
        "smoothed": false,
        "userAdded": false
      },
      {
        "alwaysLoaded": false,
        "file": "assets/lgotas/selogua/android-icon-36.png",
        "kind": "image",
        "metadata": "",
        "name": "assets\\lgotas\\selogua\\android-icon-36.png",
        "smoothed": false,
        "userAdded": false
      },
      {
        "alwaysLoaded": false,
        "file": "assets/lgotas/selogua/ios-icon-1024.png",
        "kind": "image",
        "metadata": "",
        "name": "assets\\lgotas\\selogua\\ios-icon-1024.png",
        "smoothed": false,
        "userAdded": false
      },
      {
        "alwaysLoaded": false,
        "file": "assets/lgotas/selogua/ios-icon-180.png",
        "kind": "image",
        "metadata": "",
        "name": "assets\\lgotas\\selogua\\ios-icon-180.png",
        "smoothed": false,
        "userAdded": false
      },
      {
        "alwaysLoaded": false,
        "file": "assets/lgotas/selogua/ios-icon-167.png",
        "kind": "image",
        "metadata": "",
        "name": "assets\\lgotas\\selogua\\ios-icon-167.png",
        "smoothed": false,
        "userAdded": false
      },
      {
        "alwaysLoaded": false,
        "file": "assets/lgotas/selogua/ios-icon-152.png",
        "kind": "image",
        "metadata": "",
        "name": "assets\\lgotas\\selogua\\ios-icon-152.png",
        "smoothed": false,
        "userAdded": false
      },
      {
        "alwaysLoaded": false,
        "file": "assets/lgotas/selogua/ios-icon-144.png",
        "kind": "image",
        "metadata": "",
        "name": "assets\\lgotas\\selogua\\ios-icon-144.png",
        "smoothed": false,
        "userAdded": false
      },
      {
        "alwaysLoaded": false,
        "file": "assets/lgotas/selogua/ios-icon-114.png",
        "kind": "image",
        "metadata": "",
        "name": "assets\\lgotas\\selogua\\ios-icon-114.png",
        "smoothed": false,
        "userAdded": false
      },
      {
        "alwaysLoaded": false,
        "file": "assets/lgotas/selogua/ios-icon-120.png",
        "kind": "image",
        "metadata": "",
        "name": "assets\\lgotas\\selogua\\ios-icon-120.png",
        "smoothed": false,
        "userAdded": false
      },
      {
        "alwaysLoaded": false,
        "file": "assets/lgotas/selogua/ios-icon-100.png",
        "kind": "image",
        "metadata": "",
        "name": "assets\\lgotas\\selogua\\ios-icon-100.png",
        "smoothed": false,
        "userAdded": false
      },
      {
        "alwaysLoaded": false,
        "file": "assets/lgotas/selogua/ios-icon-87.png",
        "kind": "image",
        "metadata": "",
        "name": "assets\\lgotas\\selogua\\ios-icon-87.png",
        "smoothed": false,
        "userAdded": false
      },
      {
        "alwaysLoaded": false,
        "file": "assets/lgotas/selogua/ios-icon-80.png",
        "kind": "image",
        "metadata": "",
        "name": "assets\\lgotas\\selogua\\ios-icon-80.png",
        "smoothed": false,
        "userAdded": false
      },
      {
        "alwaysLoaded": false,
        "file": "assets/lgotas/selogua/ios-icon-76.png",
        "kind": "image",
        "metadata": "",
        "name": "assets\\lgotas\\selogua\\ios-icon-76.png",
        "smoothed": false,
        "userAdded": false
      },
      {
        "alwaysLoaded": false,
        "file": "assets/lgotas/selogua/ios-icon-72.png",
        "kind": "image",
        "metadata": "",
        "name": "assets\\lgotas\\selogua\\ios-icon-72.png",
        "smoothed": false,
        "userAdded": false
      },
      {
        "alwaysLoaded": false,
        "file": "assets/lgotas/selogua/ios-icon-60.png",
        "kind": "image",
        "metadata": "",
        "name": "assets\\lgotas\\selogua\\ios-icon-60.png",
        "smoothed": false,
        "userAdded": false
      },
      {
        "alwaysLoaded": false,
        "file": "assets/lgotas/selogua/ios-icon-58.png",
        "kind": "image",
        "metadata": "",
        "name": "assets\\lgotas\\selogua\\ios-icon-58.png",
        "smoothed": false,
        "userAdded": false
      },
      {
        "alwaysLoaded": false,
        "file": "assets/lgotas/selogua/danglogogotda.png",
        "kind": "image",
        "metadata": "",
        "name": "assets\\lgotas\\selogua\\danglogogotda.png",
        "smoothed": false,
        "userAdded": false
      },
      {
        "alwaysLoaded": false,
        "file": "assets/lgotas/selogua/ios-icon-20.png",
        "kind": "image",
        "metadata": "",
        "name": "assets\\lgotas\\selogua\\ios-icon-20.png",
        "smoothed": false,
        "userAdded": false
      },
      {
        "alwaysLoaded": false,
        "file": "assets/lgotas/selogua/ios-icon-29.png",
        "kind": "image",
        "metadata": "",
        "name": "assets\\lgotas\\selogua\\ios-icon-29.png",
        "smoothed": false,
        "userAdded": false
      },
      {
        "alwaysLoaded": false,
        "file": "assets/lgotas/selogua/ios-icon-40.png",
        "kind": "image",
        "metadata": "",
        "name": "assets\\lgotas\\selogua\\ios-icon-40.png",
        "smoothed": false,
        "userAdded": false
      },
      {
        "alwaysLoaded": false,
        "file": "assets/lgotas/selogua/ios-icon-50.png",
        "kind": "image",
        "metadata": "",
        "name": "assets\\lgotas\\selogua\\ios-icon-50.png",
        "smoothed": false,
        "userAdded": false
      },
      {
        "alwaysLoaded": false,
        "file": "assets/lgotas/selogua/ios-icon-57.png",
        "kind": "image",
        "metadata": "",
        "name": "assets\\lgotas\\selogua\\ios-icon-57.png",
        "smoothed": false,
        "userAdded": false
      },
      {
        "alwaysLoaded": false,
        "file": "buttonzx/dfsdf-1.png",
        "kind": "image",
        "metadata": "",
        "name": "buttonzx\\dfsdf-1.png",
        "smoothed": false,
        "userAdded": false
      },
      {
        "alwaysLoaded": false,
        "file": "buttonzx/NewSprite-1-0.png",
        "kind": "image",
        "metadata": "",
        "name": "buttonzx\\NewSprite-1-0.png",
        "smoothed": false,
        "userAdded": false
      },
      {
        "alwaysLoaded": false,
        "file": "buttonzx/NewSprite-1-1.png",
        "kind": "image",
        "metadata": "",
        "name": "buttonzx\\NewSprite-1-1.png",
        "smoothed": false,
        "userAdded": false
      },
      {
        "alwaysLoaded": false,
        "file": "buttonzx/NewSprite-1.png",
        "kind": "image",
        "metadata": "",
        "name": "buttonzx\\NewSprite-1.png",
        "smoothed": false,
        "userAdded": false
      },
      {
        "alwaysLoaded": false,
        "file": "buttonzx/platetemplate.png",
        "kind": "image",
        "metadata": "",
        "name": "buttonzx\\platetemplate.png",
        "smoothed": false,
        "userAdded": false
      },
      {
        "alwaysLoaded": false,
        "file": "assets/lgotas/selogua/dayum.png",
        "kind": "image",
        "metadata": "",
        "name": "assets\\lgotas\\selogua\\dayum.png",
        "smoothed": false,
        "userAdded": false
      },
      {
        "alwaysLoaded": false,
        "file": "buttonzx/savelist.png",
        "kind": "image",
        "metadata": "",
        "name": "buttonzx\\savelist.png",
        "smoothed": false,
        "userAdded": true
      },
      {
        "alwaysLoaded": false,
        "file": "buttonzx/savelistitem.png",
        "kind": "image",
        "metadata": "",
        "name": "buttonzx\\savelistitem.png",
        "smoothed": false,
        "userAdded": true
      },
      {
        "alwaysLoaded": false,
        "file": "assets/lgotas/jacob.png",
        "kind": "image",
        "metadata": "",
        "name": "assets\\lgotas\\jacob.png",
        "smoothed": false,
        "userAdded": true
      },
      {
        "alwaysLoaded": false,
        "file": "assets/NewSprite-1-1.png",
        "kind": "image",
        "metadata": "",
        "name": "assets\\NewSprite-1-1.png",
        "smoothed": false,
        "userAdded": true
      },
      {
        "alwaysLoaded": false,
        "file": "assets/example_assets/plateform.png",
        "kind": "image",
        "metadata": "",
        "name": "assets\\example_assets\\plateform.png",
        "smoothed": false,
        "userAdded": true
      },
      {
        "alwaysLoaded": false,
        "file": "assets/example_assets/NewSprite-1.png",
        "kind": "image",
        "metadata": "",
        "name": "assets\\example_assets\\NewSprite-1.png",
        "smoothed": false,
        "userAdded": true
      },
      {
        "alwaysLoaded": false,
        "file": "assets/example_assets/plateformerMan.png",
        "kind": "image",
        "metadata": "",
        "name": "assets\\example_assets\\plateformerMan.png",
        "smoothed": false,
        "userAdded": true
      },
      {
        "alwaysLoaded": false,
        "file": "assets/example_assets/plateformerHand.png",
        "kind": "image",
        "metadata": "",
        "name": "assets\\example_assets\\plateformerHand.png",
        "smoothed": false,
        "userAdded": true
      },
      {
        "alwaysLoaded": false,
        "file": "assets/example_assets/plateformerLeg.png",
        "kind": "image",
        "metadata": "",
        "name": "assets\\example_assets\\plateformerLeg.png",
        "smoothed": false,
        "userAdded": true
      },
      {
        "alwaysLoaded": false,
        "file": "buttonzx/movedrag.png",
        "kind": "image",
        "metadata": "",
        "name": "buttonzx\\movedrag.png",
        "smoothed": false,
        "userAdded": false
      },
      {
        "alwaysLoaded": false,
        "file": "buttonzx/nodedrag.png",
        "kind": "image",
        "metadata": "",
        "name": "buttonzx\\nodedrag.png",
        "smoothed": false,
        "userAdded": true
      },
      {
        "alwaysLoaded": false,
        "file": "buttonzx/tweenframe.png",
        "kind": "image",
        "metadata": "",
        "name": "buttonzx\\tweenframe.png",
        "smoothed": false,
        "userAdded": true
      },
      {
        "alwaysLoaded": false,
        "file": "buttonzx/github.png",
        "kind": "image",
        "metadata": "",
        "name": "buttonzx\\github.png",
        "smoothed": false,
        "userAdded": true
      },
      {
        "alwaysLoaded": false,
        "file": "buttonzx/liluo.png",
        "kind": "image",
        "metadata": "",
        "name": "buttonzx\\liluo.png",
        "smoothed": false,
        "userAdded": true
      }
    ],
    "resourceFolders": []
  },
  "objects": [],
  "objectsGroups": [],
  "variables": [
    {
      "name": "version",
      "type": "array",
      "children": [
        {
          "type": "string",
          "value": "0"
        },
        {
          "folded": true,
          "type": "string",
          "value": "1"
        },
        {
          "type": "string",
          "value": "0-beta"
        }
      ]
    },
    {
      "folded": true,
      "name": "saveJSON",
      "type": "string",
      "value": ""
    },
    {
      "folded": true,
      "name": "saveLoaded",
      "type": "boolean",
      "value": false
    }
  ],
  "layouts": [
    {
      "__REFERENCE_TO_SPLIT_OBJECT": true,
      "referenceTo": "/layouts/menu"
    },
    {
      "__REFERENCE_TO_SPLIT_OBJECT": true,
      "referenceTo": "/layouts/savelist"
    },
    {
      "__REFERENCE_TO_SPLIT_OBJECT": true,
      "referenceTo": "/layouts/stage"
    },
    {
      "__REFERENCE_TO_SPLIT_OBJECT": true,
      "referenceTo": "/layouts/bad-example-scene"
    },
    {
      "__REFERENCE_TO_SPLIT_OBJECT": true,
      "referenceTo": "/layouts/plateformer"
    }
  ],
  "externalEvents": [
    {
      "__REFERENCE_TO_SPLIT_OBJECT": true,
      "referenceTo": "/externalEvents/untitled-external-events"
    },
    {
      "__REFERENCE_TO_SPLIT_OBJECT": true,
      "referenceTo": "/externalEvents/untitled-external-events2"
    }
  ],
  "eventsFunctionsExtensions": [
    {
      "__REFERENCE_TO_SPLIT_OBJECT": true,
      "referenceTo": "/eventsFunctionsExtensions/rtsunitselection"
    },
    {
      "__REFERENCE_TO_SPLIT_OBJECT": true,
      "referenceTo": "/eventsFunctionsExtensions/mousepointerlock"
    },
    {
      "__REFERENCE_TO_SPLIT_OBJECT": true,
      "referenceTo": "/eventsFunctionsExtensions/spritemasking"
    },
    {
      "__REFERENCE_TO_SPLIT_OBJECT": true,
      "referenceTo": "/eventsFunctionsExtensions/snaptogrid"
    },
    {
      "__REFERENCE_TO_SPLIT_OBJECT": true,
      "referenceTo": "/eventsFunctionsExtensions/references"
    },
    {
      "__REFERENCE_TO_SPLIT_OBJECT": true,
      "referenceTo": "/eventsFunctionsExtensions/dragcamerawithpointer"
    },
    {
      "__REFERENCE_TO_SPLIT_OBJECT": true,
      "referenceTo": "/eventsFunctionsExtensions/clipboard"
    },
    {
      "__REFERENCE_TO_SPLIT_OBJECT": true,
      "referenceTo": "/eventsFunctionsExtensions/sticker"
    },
    {
      "__REFERENCE_TO_SPLIT_OBJECT": true,
      "referenceTo": "/eventsFunctionsExtensions/resourceloadingtools"
    },
    {
      "__REFERENCE_TO_SPLIT_OBJECT": true,
      "referenceTo": "/eventsFunctionsExtensions/fps"
    },
    {
      "__REFERENCE_TO_SPLIT_OBJECT": true,
      "referenceTo": "/eventsFunctionsExtensions/uuid"
    },
    {
      "__REFERENCE_TO_SPLIT_OBJECT": true,
      "referenceTo": "/eventsFunctionsExtensions/ysort"
    },
    {
      "__REFERENCE_TO_SPLIT_OBJECT": true,
      "referenceTo": "/eventsFunctionsExtensions/wrapnumber"
    },
    {
      "__REFERENCE_TO_SPLIT_OBJECT": true,
      "referenceTo": "/eventsFunctionsExtensions/draggableslidercontrol"
    },
    {
      "__REFERENCE_TO_SPLIT_OBJECT": true,
      "referenceTo": "/eventsFunctionsExtensions/click"
    },
    {
      "__REFERENCE_TO_SPLIT_OBJECT": true,
      "referenceTo": "/eventsFunctionsExtensions/boolenconversion"
    },
    {
      "__REFERENCE_TO_SPLIT_OBJECT": true,
      "referenceTo": "/eventsFunctionsExtensions/gdaitoranimator"
    }
  ],
  "externalLayouts": [],
  "externalSourceFiles": []
}