{
  "b": 17,
  "disableInputWhenNotFocused": true,
  "mangledName": "menu",
  "name": "menu",
  "r": 11,
  "standardSortMethod": true,
  "stopSoundsOnStartup": true,
  "title": "",
  "v": 11,
  "uiSettings": {
    "grid": true,
    "gridType": "rectangular",
    "gridWidth": 32,
    "gridHeight": 32,
    "gridOffsetX": 0,
    "gridOffsetY": 0,
    "gridColor": 10401023,
    "gridAlpha": 0.2,
    "snap": true,
    "zoomFactor": 0.55,
    "windowMask": false
  },
  "objectsGroups": [],
  "variables": [],
  "instances": [
    {
      "angle": 0,
      "customSize": true,
      "height": 540,
      "layer": "",
      "name": "logo",
      "persistentUuid": "b9aae989-ab9f-4f94-8cec-45b3d23479b1",
      "width": 960,
      "x": 0,
      "y": -92,
      "zOrder": 1,
      "numberProperties": [],
      "stringProperties": [],
      "initialVariables": []
    },
    {
      "angle": 0,
      "customSize": false,
      "height": 0,
      "layer": "",
      "name": "version",
      "persistentUuid": "5f96f031-f168-4ce4-8ff9-77cc49d63a22",
      "width": 0,
      "x": 369,
      "y": 74,
      "zOrder": 2,
      "numberProperties": [],
      "stringProperties": [],
      "initialVariables": []
    },
    {
      "angle": 0,
      "customSize": true,
      "height": 320,
      "layer": "",
      "name": "jsonCode",
      "persistentUuid": "5c662c79-a296-4be3-9cfc-362538da4a4e",
      "width": 864,
      "x": 96,
      "y": 672,
      "zOrder": 3,
      "numberProperties": [],
      "stringProperties": [],
      "initialVariables": []
    },
    {
      "angle": 0,
      "customSize": true,
      "height": 128,
      "layer": "",
      "name": "enter",
      "persistentUuid": "a71863fb-a463-45f0-8789-73b2e608eb73",
      "width": 128,
      "x": 992,
      "y": 896,
      "zOrder": 4,
      "numberProperties": [],
      "stringProperties": [],
      "initialVariables": []
    },
    {
      "angle": 0,
      "customSize": true,
      "height": 160,
      "layer": "",
      "name": "plate",
      "persistentUuid": "24ed8efe-66ae-4150-85ea-7761de37b983",
      "width": 160,
      "x": 320,
      "y": 416,
      "zOrder": 5,
      "numberProperties": [],
      "stringProperties": [],
      "initialVariables": []
    },
    {
      "angle": 0,
      "customSize": true,
      "height": 160,
      "layer": "",
      "name": "plateons",
      "persistentUuid": "46acf57b-a6ed-425c-b792-6fd22ee8cd24",
      "width": 160,
      "x": 320,
      "y": 416,
      "zOrder": 6,
      "numberProperties": [
        {
          "name": "animation",
          "value": 1
        }
      ],
      "stringProperties": [],
      "initialVariables": []
    },
    {
      "angle": 0,
      "customSize": true,
      "height": 160,
      "layer": "",
      "name": "plate",
      "persistentUuid": "71a16299-11ae-4142-aac2-c039cb23af1d",
      "width": 160,
      "x": 96,
      "y": 416,
      "zOrder": 5,
      "numberProperties": [],
      "stringProperties": [],
      "initialVariables": []
    },
    {
      "angle": 0,
      "customSize": true,
      "height": 160,
      "layer": "",
      "name": "plateons",
      "persistentUuid": "e5c31d98-2bc0-4c67-be19-b89bca37c8fe",
      "width": 160,
      "x": 96,
      "y": 416,
      "zOrder": 6,
      "numberProperties": [],
      "stringProperties": [],
      "initialVariables": []
    },
    {
      "angle": 2.11721134185791,
      "customSize": true,
      "height": 2048.128662109375,
      "layer": "back",
      "locked": true,
      "name": "background",
      "persistentUuid": "58e095be-f112-4dd6-9859-004767bc5997",
      "width": 2180,
      "x": -233.08883666992188,
      "y": -871.6984252929688,
      "zOrder": -1,
      "numberProperties": [],
      "stringProperties": [],
      "initialVariables": []
    },
    {
      "angle": 0,
      "customSize": true,
      "height": 160,
      "layer": "",
      "name": "plate",
      "persistentUuid": "3841f375-2d31-4c7e-b486-77c0fc025797",
      "width": 160,
      "x": 544,
      "y": 416,
      "zOrder": 7,
      "numberProperties": [],
      "stringProperties": [],
      "initialVariables": []
    },
    {
      "angle": 0,
      "customSize": true,
      "height": 160,
      "layer": "",
      "name": "plateons",
      "persistentUuid": "3b81a2d0-61cd-4759-bf27-577d598f9427",
      "width": 160,
      "x": 544,
      "y": 416,
      "zOrder": 8,
      "numberProperties": [
        {
          "name": "animation",
          "value": 2
        }
      ],
      "stringProperties": [],
      "initialVariables": []
    },
    {
      "angle": 0,
      "customSize": true,
      "height": 64,
      "layer": "",
      "name": "social",
      "persistentUuid": "3206bd8f-e1f3-42c1-99e5-1e9413d59132",
      "width": 64,
      "x": 1824,
      "y": 992,
      "zOrder": 9,
      "numberProperties": [
        {
          "name": "animation",
          "value": 1
        }
      ],
      "stringProperties": [],
      "initialVariables": []
    },
    {
      "angle": 0,
      "customSize": true,
      "height": 64,
      "layer": "",
      "name": "social",
      "persistentUuid": "bbeb04f3-cfa1-47d3-9274-a62880d0bbcc",
      "width": 64,
      "x": 1728,
      "y": 992,
      "zOrder": 9,
      "numberProperties": [],
      "stringProperties": [],
      "initialVariables": []
    },
    {
      "angle": 0,
      "customSize": true,
      "height": 56,
      "layer": "",
      "name": "exVersion",
      "persistentUuid": "af8c1ad4-4f1e-49ca-8d7b-9747e9e1c587",
      "width": 416,
      "x": 229,
      "y": 299,
      "zOrder": 10,
      "numberProperties": [],
      "stringProperties": [],
      "initialVariables": []
    }
  ],
  "objects": [
    {
      "assetStoreId": "",
      "name": "logo",
      "tags": "",
      "type": "Sprite",
      "updateIfNotVisible": false,
      "variables": [],
      "effects": [],
      "behaviors": [],
      "animations": [
        {
          "name": "",
          "useMultipleDirections": false,
          "directions": [
            {
              "looping": false,
              "timeBetweenFrames": 0.08,
              "sprites": [
                {
                  "hasCustomCollisionMask": false,
                  "image": "assets\\lgotas\\asdsdasd.png",
                  "points": [],
                  "originPoint": {
                    "name": "origine",
                    "x": 0,
                    "y": 0
                  },
                  "centerPoint": {
                    "automatic": true,
                    "name": "centre",
                    "x": 0,
                    "y": 0
                  },
                  "customCollisionMask": []
                }
              ]
            }
          ]
        }
      ]
    },
    {
      "assetStoreId": "",
      "name": "version",
      "tags": "",
      "type": "BBText::BBText",
      "variables": [],
      "effects": [],
      "behaviors": [],
      "content": {
        "text": "0.0.0 ",
        "opacity": 255,
        "fontSize": 20,
        "visible": true,
        "color": "166;252;219",
        "fontFamily": "Minecraft.ttf",
        "align": "left",
        "wordWrap": true
      }
    },
    {
      "assetStoreId": "",
      "name": "exVersion",
      "tags": "",
      "type": "BBText::BBText",
      "variables": [],
      "effects": [],
      "behaviors": [],
      "content": {
        "text": "for  GDanitor Animator extension 0.1.0 ",
        "opacity": 55,
        "fontSize": 16,
        "visible": true,
        "color": "166;252;219",
        "fontFamily": "Minecraft.ttf",
        "align": "left",
        "wordWrap": true
      }
    },
    {
      "assetStoreId": "",
      "name": "jsonCode",
      "tags": "",
      "type": "TextInput::TextInputObject",
      "variables": [],
      "effects": [],
      "behaviors": [],
      "content": {
        "initialValue": "",
        "placeholder": "Save code...",
        "fontResourceName": "Minecraft.ttf",
        "fontSize": 20,
        "inputType": "text area",
        "textColor": "166;252;219",
        "fillColor": "160;129;163",
        "fillOpacity": 12,
        "borderColor": "36;34;52",
        "borderOpacity": 255,
        "borderWidth": 3,
        "readOnly": false,
        "disabled": false
      }
    },
    {
      "assetStoreId": "",
      "name": "enter",
      "tags": "",
      "type": "Sprite",
      "updateIfNotVisible": false,
      "variables": [],
      "effects": [],
      "behaviors": [],
      "animations": [
        {
          "name": "",
          "useMultipleDirections": false,
          "directions": [
            {
              "looping": false,
              "timeBetweenFrames": 0.08,
              "sprites": [
                {
                  "hasCustomCollisionMask": false,
                  "image": "buttonzx\\gooo.png",
                  "points": [],
                  "originPoint": {
                    "name": "origine",
                    "x": 0,
                    "y": 0
                  },
                  "centerPoint": {
                    "automatic": true,
                    "name": "centre",
                    "x": 0,
                    "y": 0
                  },
                  "customCollisionMask": []
                }
              ]
            }
          ]
        }
      ]
    },
    {
      "assetStoreId": "",
      "name": "plate",
      "tags": "",
      "type": "Sprite",
      "updateIfNotVisible": false,
      "variables": [],
      "effects": [],
      "behaviors": [],
      "animations": [
        {
          "name": "",
          "useMultipleDirections": false,
          "directions": [
            {
              "looping": false,
              "timeBetweenFrames": 0.08,
              "sprites": [
                {
                  "hasCustomCollisionMask": false,
                  "image": "buttonzx\\plate.png",
                  "points": [],
                  "originPoint": {
                    "name": "origine",
                    "x": 0,
                    "y": 0
                  },
                  "centerPoint": {
                    "automatic": true,
                    "name": "centre",
                    "x": 0,
                    "y": 0
                  },
                  "customCollisionMask": []
                }
              ]
            }
          ]
        }
      ]
    },
    {
      "assetStoreId": "",
      "name": "plateons",
      "tags": "",
      "type": "Sprite",
      "updateIfNotVisible": false,
      "variables": [],
      "effects": [],
      "behaviors": [],
      "animations": [
        {
          "name": "new",
          "useMultipleDirections": false,
          "directions": [
            {
              "looping": false,
              "timeBetweenFrames": 0.08,
              "sprites": [
                {
                  "hasCustomCollisionMask": false,
                  "image": "buttonzx\\createnew.png",
                  "points": [],
                  "originPoint": {
                    "name": "origine",
                    "x": 0,
                    "y": 0
                  },
                  "centerPoint": {
                    "automatic": true,
                    "name": "centre",
                    "x": 0,
                    "y": 0
                  },
                  "customCollisionMask": []
                }
              ]
            }
          ]
        },
        {
          "name": "last",
          "useMultipleDirections": false,
          "directions": [
            {
              "looping": false,
              "timeBetweenFrames": 0.08,
              "sprites": [
                {
                  "hasCustomCollisionMask": false,
                  "image": "buttonzx\\loadlast.png",
                  "points": [],
                  "originPoint": {
                    "name": "origine",
                    "x": 0,
                    "y": 0
                  },
                  "centerPoint": {
                    "automatic": true,
                    "name": "centre",
                    "x": 0,
                    "y": 0
                  },
                  "customCollisionMask": []
                }
              ]
            }
          ]
        },
        {
          "name": "list",
          "useMultipleDirections": false,
          "directions": [
            {
              "looping": false,
              "timeBetweenFrames": 0.08,
              "sprites": [
                {
                  "hasCustomCollisionMask": false,
                  "image": "buttonzx\\savelist.png",
                  "points": [],
                  "originPoint": {
                    "name": "origine",
                    "x": 0,
                    "y": 0
                  },
                  "centerPoint": {
                    "automatic": true,
                    "name": "centre",
                    "x": 0,
                    "y": 0
                  },
                  "customCollisionMask": []
                }
              ]
            }
          ]
        }
      ]
    },
    {
      "assetStoreId": "",
      "name": "background",
      "tags": "",
      "type": "Sprite",
      "updateIfNotVisible": false,
      "variables": [],
      "effects": [],
      "behaviors": [],
      "animations": [
        {
          "name": "",
          "useMultipleDirections": false,
          "directions": [
            {
              "looping": false,
              "timeBetweenFrames": 0.08,
              "sprites": [
                {
                  "hasCustomCollisionMask": false,
                  "image": "assets\\lgotas\\gfgf.png",
                  "points": [],
                  "originPoint": {
                    "name": "origine",
                    "x": 0,
                    "y": 0
                  },
                  "centerPoint": {
                    "automatic": true,
                    "name": "centre",
                    "x": 0,
                    "y": 0
                  },
                  "customCollisionMask": []
                }
              ]
            }
          ]
        }
      ]
    },
    {
      "assetStoreId": "",
      "name": "social",
      "tags": "",
      "type": "Sprite",
      "updateIfNotVisible": false,
      "variables": [],
      "effects": [],
      "behaviors": [],
      "animations": [
        {
          "name": "",
          "useMultipleDirections": false,
          "directions": [
            {
              "looping": false,
              "timeBetweenFrames": 0.08,
              "sprites": [
                {
                  "hasCustomCollisionMask": false,
                  "image": "buttonzx\\github.png",
                  "points": [],
                  "originPoint": {
                    "name": "origine",
                    "x": 0,
                    "y": 0
                  },
                  "centerPoint": {
                    "automatic": true,
                    "name": "centre",
                    "x": 0,
                    "y": 0
                  },
                  "customCollisionMask": []
                }
              ]
            }
          ]
        },
        {
          "name": "",
          "useMultipleDirections": false,
          "directions": [
            {
              "looping": false,
              "timeBetweenFrames": 0.08,
              "sprites": [
                {
                  "hasCustomCollisionMask": false,
                  "image": "buttonzx\\liluo.png",
                  "points": [],
                  "originPoint": {
                    "name": "origine",
                    "x": 0,
                    "y": 0
                  },
                  "centerPoint": {
                    "automatic": true,
                    "name": "centre",
                    "x": 0,
                    "y": 0
                  },
                  "customCollisionMask": []
                }
              ]
            }
          ]
        }
      ]
    }
  ],
  "events": [
    {
      "colorB": 232,
      "colorG": 226,
      "colorR": 235,
      "creationTime": 0,
      "name": "All events",
      "source": "",
      "type": "BuiltinCommonInstructions::Group",
      "events": [
        {
          "type": "BuiltinCommonInstructions::Standard",
          "conditions": [
            {
              "type": {
                "value": "DepartScene"
              },
              "parameters": [
                ""
              ]
            }
          ],
          "actions": [
            {
              "type": {
                "value": "SetGlobalVariableAsBoolean"
              },
              "parameters": [
                "saveLoaded",
                "False"
              ]
            },
            {
              "type": {
                "value": "Opacity"
              },
              "parameters": [
                "background",
                "=",
                "100"
              ]
            },
            {
              "type": {
                "value": "ShowLayer"
              },
              "parameters": [
                "",
                "\"back\""
              ]
            }
          ],
          "events": [
            {
              "type": "BuiltinCommonInstructions::Standard",
              "conditions": [],
              "actions": [
                {
                  "type": {
                    "value": "BBText::SetBBText"
                  },
                  "parameters": [
                    "version",
                    "=",
                    "GlobalVariableString(version[0])+\".\"+GlobalVariableString(version[1])+\".\"+GlobalVariableString(version[2])"
                  ]
                }
              ]
            }
          ]
        },
        {
          "colorB": 228,
          "colorG": 176,
          "colorR": 74,
          "creationTime": 0,
          "name": "Plate (the thing for buttons)",
          "source": "",
          "type": "BuiltinCommonInstructions::Group",
          "events": [
            {
              "type": "BuiltinCommonInstructions::Standard",
              "conditions": [
                {
                  "type": {
                    "value": "MouseButtonReleased"
                  },
                  "parameters": [
                    "",
                    "Left"
                  ]
                },
                {
                  "type": {
                    "value": "SourisSurObjet"
                  },
                  "parameters": [
                    "enter",
                    "",
                    "",
                    ""
                  ]
                }
              ],
              "actions": [
                {
                  "type": {
                    "value": "SetGlobalVariableAsBoolean"
                  },
                  "parameters": [
                    "saveLoaded",
                    "True"
                  ]
                },
                {
                  "type": {
                    "value": "ModVarGlobalTxt"
                  },
                  "parameters": [
                    "saveJSON",
                    "=",
                    "jsonCode.Text()"
                  ]
                },
                {
                  "type": {
                    "value": "Scene"
                  },
                  "parameters": [
                    "",
                    "\"stage\"",
                    ""
                  ]
                }
              ]
            },
            {
              "folded": true,
              "type": "BuiltinCommonInstructions::Standard",
              "conditions": [
                {
                  "type": {
                    "value": "MouseButtonReleased"
                  },
                  "parameters": [
                    "",
                    "Left"
                  ]
                },
                {
                  "type": {
                    "value": "SourisSurObjet"
                  },
                  "parameters": [
                    "plateons",
                    "",
                    "",
                    ""
                  ]
                }
              ],
              "actions": [],
              "events": [
                {
                  "type": "BuiltinCommonInstructions::Standard",
                  "conditions": [
                    {
                      "type": {
                        "value": "AnimationName"
                      },
                      "parameters": [
                        "plateons",
                        "\"last\""
                      ]
                    }
                  ],
                  "actions": [
                    {
                      "type": {
                        "value": "SetGlobalVariableAsBoolean"
                      },
                      "parameters": [
                        "saveLoaded",
                        "True"
                      ]
                    },
                    {
                      "type": {
                        "value": "LireFichierTxt"
                      },
                      "parameters": [
                        "\"Root/Save/LastSave\"",
                        "\"lastSave\"",
                        "",
                        "lastSave"
                      ]
                    },
                    {
                      "type": {
                        "value": "ModVarGlobalTxt"
                      },
                      "parameters": [
                        "saveJSON",
                        "=",
                        "VariableString(lastSave)"
                      ]
                    },
                    {
                      "type": {
                        "value": "Scene"
                      },
                      "parameters": [
                        "",
                        "\"stage\"",
                        ""
                      ]
                    }
                  ]
                },
                {
                  "type": "BuiltinCommonInstructions::Standard",
                  "conditions": [
                    {
                      "type": {
                        "value": "AnimationName"
                      },
                      "parameters": [
                        "plateons",
                        "\"list\""
                      ]
                    }
                  ],
                  "actions": [
                    {
                      "type": {
                        "value": "Scene"
                      },
                      "parameters": [
                        "",
                        "\"saveList\"",
                        ""
                      ]
                    }
                  ]
                },
                {
                  "type": "BuiltinCommonInstructions::Standard",
                  "conditions": [
                    {
                      "type": {
                        "value": "AnimationName"
                      },
                      "parameters": [
                        "plateons",
                        "\"new\""
                      ]
                    }
                  ],
                  "actions": [
                    {
                      "type": {
                        "value": "Scene"
                      },
                      "parameters": [
                        "",
                        "\"stage\"",
                        ""
                      ]
                    }
                  ]
                }
              ]
            },
            {
              "type": "BuiltinCommonInstructions::Standard",
              "conditions": [
                {
                  "type": {
                    "value": "MouseButtonReleased"
                  },
                  "parameters": [
                    "",
                    "Left"
                  ]
                },
                {
                  "type": {
                    "value": "SourisSurObjet"
                  },
                  "parameters": [
                    "social",
                    "",
                    "",
                    ""
                  ]
                }
              ],
              "actions": [],
              "events": [
                {
                  "type": "BuiltinCommonInstructions::Standard",
                  "conditions": [
                    {
                      "type": {
                        "value": "Animation"
                      },
                      "parameters": [
                        "social",
                        "=",
                        "1"
                      ]
                    }
                  ],
                  "actions": [
                    {
                      "type": {
                        "value": "LaunchFile"
                      },
                      "parameters": [
                        "\"https://liluo.io/ahnaf30e/gd-anitor\"",
                        ""
                      ]
                    }
                  ]
                },
                {
                  "type": "BuiltinCommonInstructions::Standard",
                  "conditions": [
                    {
                      "type": {
                        "value": "Animation"
                      },
                      "parameters": [
                        "social",
                        "=",
                        "0"
                      ]
                    }
                  ],
                  "actions": [
                    {
                      "type": {
                        "value": "LaunchFile"
                      },
                      "parameters": [
                        "\"https://github.com/Ahnaf30e/GDanitor-1\"",
                        ""
                      ]
                    }
                  ]
                }
              ]
            }
          ],
          "parameters": []
        }
      ],
      "parameters": []
    }
  ],
  "layers": [
    {
      "ambientLightColorB": 11182304,
      "ambientLightColorG": 6043600,
      "ambientLightColorR": 10349600,
      "followBaseLayerCamera": false,
      "isLightingLayer": false,
      "name": "back",
      "visibility": false,
      "cameras": [],
      "effects": []
    },
    {
      "ambientLightColorB": 2,
      "ambientLightColorG": 134217728,
      "ambientLightColorR": 1597197633,
      "followBaseLayerCamera": false,
      "isLightingLayer": false,
      "name": "",
      "visibility": true,
      "cameras": [
        {
          "defaultSize": true,
          "defaultViewport": true,
          "height": 0,
          "viewportBottom": 1,
          "viewportLeft": 0,
          "viewportRight": 1,
          "viewportTop": 0,
          "width": 0
        }
      ],
      "effects": []
    }
  ],
  "behaviorsSharedData": []
}