{
  "b": 17,
  "disableInputWhenNotFocused": true,
  "mangledName": "saveList",
  "name": "saveList",
  "r": 11,
  "standardSortMethod": true,
  "stopSoundsOnStartup": true,
  "title": "",
  "v": 11,
  "uiSettings": {
    "grid": true,
    "gridType": "rectangular",
    "gridWidth": 32,
    "gridHeight": 32,
    "gridOffsetX": 0,
    "gridOffsetY": 0,
    "gridColor": 10401023,
    "gridAlpha": 0.2,
    "snap": true,
    "zoomFactor": 0.4000000000000006,
    "windowMask": false
  },
  "objectsGroups": [],
  "variables": [],
  "instances": [
    {
      "angle": 0,
      "customSize": true,
      "height": 34,
      "layer": "GUI",
      "name": "version",
      "persistentUuid": "5f96f031-f168-4ce4-8ff9-77cc49d63a22",
      "width": 480,
      "x": 96,
      "y": 30,
      "zOrder": 2,
      "numberProperties": [],
      "stringProperties": [],
      "initialVariables": []
    },
    {
      "angle": 2.11721134185791,
      "customSize": true,
      "height": 2048.128662109375,
      "layer": "back",
      "locked": true,
      "name": "background",
      "persistentUuid": "58e095be-f112-4dd6-9859-004767bc5997",
      "width": 2180,
      "x": -233.08883666992188,
      "y": -871.6984252929688,
      "zOrder": -1,
      "numberProperties": [],
      "stringProperties": [],
      "initialVariables": []
    },
    {
      "angle": 0,
      "customSize": true,
      "height": 32,
      "layer": "GUI",
      "name": "home",
      "persistentUuid": "9c55ec72-3103-4656-a32c-0fcca93aa7ed",
      "width": 32,
      "x": 32,
      "y": 32,
      "zOrder": 3,
      "numberProperties": [],
      "stringProperties": [],
      "initialVariables": []
    },
    {
      "angle": 268.4892578125,
      "customSize": true,
      "height": 2080,
      "layer": "GUI",
      "name": "background",
      "persistentUuid": "19a6f398-cea0-4e84-89c8-1d7fd807e879",
      "width": 2080,
      "x": -164.94256591796875,
      "y": -2011.0574951171875,
      "zOrder": -1,
      "numberProperties": [],
      "stringProperties": [],
      "initialVariables": []
    }
  ],
  "objects": [
    {
      "assetStoreId": "",
      "name": "logo",
      "tags": "",
      "type": "Sprite",
      "updateIfNotVisible": false,
      "variables": [],
      "effects": [],
      "behaviors": [],
      "animations": [
        {
          "name": "",
          "useMultipleDirections": false,
          "directions": [
            {
              "looping": false,
              "timeBetweenFrames": 0.08,
              "sprites": [
                {
                  "hasCustomCollisionMask": false,
                  "image": "assets\\lgotas\\asdsdasd.png",
                  "points": [],
                  "originPoint": {
                    "name": "origine",
                    "x": 0,
                    "y": 0
                  },
                  "centerPoint": {
                    "automatic": true,
                    "name": "centre",
                    "x": 0,
                    "y": 0
                  },
                  "customCollisionMask": []
                }
              ]
            }
          ]
        }
      ]
    },
    {
      "assetStoreId": "",
      "name": "version",
      "tags": "",
      "type": "BBText::BBText",
      "variables": [],
      "effects": [],
      "behaviors": [],
      "content": {
        "text": "0.0.0 ",
        "opacity": 255,
        "fontSize": 20,
        "visible": true,
        "color": "166;252;219",
        "fontFamily": "Minecraft.ttf",
        "align": "left",
        "wordWrap": true
      }
    },
    {
      "assetStoreId": "",
      "name": "listObjectText",
      "tags": "",
      "type": "BBText::BBText",
      "variables": [],
      "effects": [],
      "behaviors": [],
      "content": {
        "text": "Numba ONE",
        "opacity": 255,
        "fontSize": 20,
        "visible": true,
        "color": "11;11;17",
        "fontFamily": "Minecraft.ttf",
        "align": "left",
        "wordWrap": true
      }
    },
    {
      "assetStoreId": "",
      "name": "jsonCode",
      "tags": "",
      "type": "TextInput::TextInputObject",
      "variables": [],
      "effects": [],
      "behaviors": [],
      "content": {
        "initialValue": "",
        "placeholder": "Save code...",
        "fontResourceName": "Minecraft.ttf",
        "fontSize": 20,
        "inputType": "text area",
        "textColor": "166;252;219",
        "fillColor": "160;129;163",
        "fillOpacity": 12,
        "borderColor": "36;34;52",
        "borderOpacity": 255,
        "borderWidth": 3,
        "readOnly": false,
        "disabled": false
      }
    },
    {
      "assetStoreId": "",
      "name": "enter",
      "tags": "",
      "type": "Sprite",
      "updateIfNotVisible": false,
      "variables": [],
      "effects": [],
      "behaviors": [],
      "animations": [
        {
          "name": "",
          "useMultipleDirections": false,
          "directions": [
            {
              "looping": false,
              "timeBetweenFrames": 0.08,
              "sprites": [
                {
                  "hasCustomCollisionMask": false,
                  "image": "buttonzx\\gooo.png",
                  "points": [],
                  "originPoint": {
                    "name": "origine",
                    "x": 0,
                    "y": 0
                  },
                  "centerPoint": {
                    "automatic": true,
                    "name": "centre",
                    "x": 0,
                    "y": 0
                  },
                  "customCollisionMask": []
                }
              ]
            }
          ]
        }
      ]
    },
    {
      "assetStoreId": "",
      "name": "plate",
      "tags": "",
      "type": "Sprite",
      "updateIfNotVisible": false,
      "variables": [],
      "effects": [],
      "behaviors": [],
      "animations": [
        {
          "name": "",
          "useMultipleDirections": false,
          "directions": [
            {
              "looping": false,
              "timeBetweenFrames": 0.08,
              "sprites": [
                {
                  "hasCustomCollisionMask": false,
                  "image": "buttonzx\\plate.png",
                  "points": [],
                  "originPoint": {
                    "name": "origine",
                    "x": 0,
                    "y": 0
                  },
                  "centerPoint": {
                    "automatic": true,
                    "name": "centre",
                    "x": 0,
                    "y": 0
                  },
                  "customCollisionMask": []
                }
              ]
            }
          ]
        }
      ]
    },
    {
      "assetStoreId": "",
      "name": "plateons",
      "tags": "",
      "type": "Sprite",
      "updateIfNotVisible": false,
      "variables": [],
      "effects": [],
      "behaviors": [],
      "animations": [
        {
          "name": "new",
          "useMultipleDirections": false,
          "directions": [
            {
              "looping": false,
              "timeBetweenFrames": 0.08,
              "sprites": [
                {
                  "hasCustomCollisionMask": false,
                  "image": "buttonzx\\createnew.png",
                  "points": [],
                  "originPoint": {
                    "name": "origine",
                    "x": 0,
                    "y": 0
                  },
                  "centerPoint": {
                    "automatic": true,
                    "name": "centre",
                    "x": 0,
                    "y": 0
                  },
                  "customCollisionMask": []
                }
              ]
            }
          ]
        },
        {
          "name": "last",
          "useMultipleDirections": false,
          "directions": [
            {
              "looping": false,
              "timeBetweenFrames": 0.08,
              "sprites": [
                {
                  "hasCustomCollisionMask": false,
                  "image": "buttonzx\\loadlast.png",
                  "points": [],
                  "originPoint": {
                    "name": "origine",
                    "x": 0,
                    "y": 0
                  },
                  "centerPoint": {
                    "automatic": true,
                    "name": "centre",
                    "x": 0,
                    "y": 0
                  },
                  "customCollisionMask": []
                }
              ]
            }
          ]
        },
        {
          "name": "",
          "useMultipleDirections": false,
          "directions": [
            {
              "looping": false,
              "timeBetweenFrames": 0.08,
              "sprites": [
                {
                  "hasCustomCollisionMask": false,
                  "image": "buttonzx\\savelist.png",
                  "points": [],
                  "originPoint": {
                    "name": "origine",
                    "x": 0,
                    "y": 0
                  },
                  "centerPoint": {
                    "automatic": true,
                    "name": "centre",
                    "x": 0,
                    "y": 0
                  },
                  "customCollisionMask": []
                }
              ]
            }
          ]
        }
      ]
    },
    {
      "assetStoreId": "",
      "name": "home",
      "tags": "",
      "type": "Sprite",
      "updateIfNotVisible": false,
      "variables": [],
      "effects": [],
      "behaviors": [],
      "animations": [
        {
          "name": "dfsdf",
          "useMultipleDirections": false,
          "directions": [
            {
              "looping": false,
              "timeBetweenFrames": 0.07999999821186066,
              "sprites": [
                {
                  "hasCustomCollisionMask": false,
                  "image": "buttonzx\\home.png",
                  "points": [],
                  "originPoint": {
                    "name": "origine",
                    "x": 0,
                    "y": 0
                  },
                  "centerPoint": {
                    "automatic": true,
                    "name": "centre",
                    "x": 0,
                    "y": 0
                  },
                  "customCollisionMask": []
                }
              ]
            }
          ]
        }
      ]
    },
    {
      "assetStoreId": "",
      "name": "background",
      "tags": "",
      "type": "Sprite",
      "updateIfNotVisible": false,
      "variables": [],
      "effects": [],
      "behaviors": [],
      "animations": [
        {
          "name": "",
          "useMultipleDirections": false,
          "directions": [
            {
              "looping": false,
              "timeBetweenFrames": 0.08,
              "sprites": [
                {
                  "hasCustomCollisionMask": false,
                  "image": "assets\\lgotas\\gfgf.png",
                  "points": [],
                  "originPoint": {
                    "name": "origine",
                    "x": 0,
                    "y": 0
                  },
                  "centerPoint": {
                    "automatic": true,
                    "name": "centre",
                    "x": 0,
                    "y": 0
                  },
                  "customCollisionMask": []
                }
              ]
            }
          ]
        }
      ]
    },
    {
      "assetStoreId": "",
      "name": "NewSprite",
      "tags": "",
      "type": "Sprite",
      "updateIfNotVisible": false,
      "variables": [],
      "effects": [],
      "behaviors": [],
      "animations": []
    },
    {
      "assetStoreId": "",
      "bottomMargin": 16,
      "height": 32,
      "leftMargin": 4,
      "name": "listObject",
      "rightMargin": 4,
      "tags": "",
      "texture": "buttonzx\\savelistitem.png",
      "tiled": false,
      "topMargin": 4,
      "type": "PanelSpriteObject::PanelSprite",
      "width": 32,
      "variables": [],
      "effects": [],
      "behaviors": []
    },
    {
      "assetStoreId": "",
      "name": "jacob",
      "tags": "",
      "type": "Sprite",
      "updateIfNotVisible": false,
      "variables": [],
      "effects": [],
      "behaviors": [],
      "animations": [
        {
          "name": "",
          "useMultipleDirections": false,
          "directions": [
            {
              "looping": false,
              "timeBetweenFrames": 0.08,
              "sprites": [
                {
                  "hasCustomCollisionMask": false,
                  "image": "assets\\lgotas\\jacob.png",
                  "points": [],
                  "originPoint": {
                    "name": "origine",
                    "x": 16,
                    "y": 16
                  },
                  "centerPoint": {
                    "automatic": true,
                    "name": "centre",
                    "x": 0,
                    "y": 0
                  },
                  "customCollisionMask": []
                }
              ]
            }
          ]
        }
      ]
    }
  ],
  "events": [
    {
      "colorB": 232,
      "colorG": 226,
      "colorR": 235,
      "creationTime": 0,
      "name": "All events",
      "source": "",
      "type": "BuiltinCommonInstructions::Group",
      "events": [
        {
          "type": "BuiltinCommonInstructions::Standard",
          "conditions": [
            {
              "type": {
                "value": "DepartScene"
              },
              "parameters": [
                ""
              ]
            }
          ],
          "actions": [
            {
              "type": {
                "value": "SetGlobalVariableAsBoolean"
              },
              "parameters": [
                "saveLoaded",
                "False"
              ]
            },
            {
              "type": {
                "value": "Opacity"
              },
              "parameters": [
                "background",
                "=",
                "100"
              ]
            },
            {
              "type": {
                "value": "ShowLayer"
              },
              "parameters": [
                "",
                "\"back\""
              ]
            }
          ],
          "events": [
            {
              "type": "BuiltinCommonInstructions::Standard",
              "conditions": [
                {
                  "type": {
                    "value": "Layer"
                  },
                  "parameters": [
                    "background",
                    "\"GUI\""
                  ]
                }
              ],
              "actions": [
                {
                  "type": {
                    "value": "Opacity"
                  },
                  "parameters": [
                    "background",
                    "=",
                    "200"
                  ]
                }
              ]
            },
            {
              "type": "BuiltinCommonInstructions::Standard",
              "conditions": [],
              "actions": [
                {
                  "type": {
                    "value": "BBText::SetBBText"
                  },
                  "parameters": [
                    "version",
                    "=",
                    "\"Current GDanitor Version \"+GlobalVariableString(version[0])+\".\"+GlobalVariableString(version[1])+\".\"+GlobalVariableString(version[2])"
                  ]
                }
              ]
            },
            {
              "type": "BuiltinCommonInstructions::Standard",
              "conditions": [],
              "actions": [
                {
                  "type": {
                    "value": "LireFichierTxt"
                  },
                  "parameters": [
                    "\"Root/Save/SaveList\"",
                    "\"saveList\"",
                    "GlobalVarToJSON(saveList)",
                    "saveListJSON"
                  ]
                },
                {
                  "type": {
                    "value": "JSONToVariableStructure"
                  },
                  "parameters": [
                    "VariableString(saveListJSON)",
                    "saveList"
                  ]
                }
              ],
              "events": [
                {
                  "type": "BuiltinCommonInstructions::Standard",
                  "conditions": [],
                  "actions": [
                    {
                      "type": {
                        "value": "ModVarScene"
                      },
                      "parameters": [
                        "listIndex",
                        "=",
                        "96"
                      ]
                    }
                  ]
                },
                {
                  "type": "BuiltinCommonInstructions::ForEachChildVariable",
                  "iterableVariableName": "saveList",
                  "valueIteratorVariableName": "saveData",
                  "keyIteratorVariableName": "itemName",
                  "conditions": [],
                  "actions": [],
                  "events": [
                    {
                      "type": "BuiltinCommonInstructions::Standard",
                      "conditions": [],
                      "actions": [
                        {
                          "type": {
                            "value": "Create"
                          },
                          "parameters": [
                            "",
                            "listObject",
                            "32",
                            "Variable(listIndex)",
                            "\"\""
                          ]
                        },
                        {
                          "type": {
                            "value": "PanelSpriteObject::Width"
                          },
                          "parameters": [
                            "listObject",
                            "=",
                            "1856"
                          ]
                        },
                        {
                          "type": {
                            "value": "PanelSpriteObject::Height"
                          },
                          "parameters": [
                            "listObject",
                            "=",
                            "96"
                          ]
                        },
                        {
                          "type": {
                            "value": "Create"
                          },
                          "parameters": [
                            "",
                            "listObjectText",
                            "48",
                            "Variable(listIndex)+8",
                            "\"\""
                          ]
                        },
                        {
                          "type": {
                            "value": "BBText::SetWordWrap"
                          },
                          "parameters": [
                            "listObjectText",
                            ""
                          ]
                        },
                        {
                          "type": {
                            "value": "BBText::SetBBText"
                          },
                          "parameters": [
                            "listObjectText",
                            "=",
                            "\"[size=32][color=#477d85][spacing=2][i]\"+VariableString(saveData.settings.name)+\": [/i][/spacing][/color][/size][size=24]\"+VariableString(saveData.settings.saveTime)+\"[/size]\"+NewLine()+VariableString(saveData.settings.saveTimeSmall)+\",  [i]Version: \"+VariableString(saveData.settings.version)+\"[/i]\""
                          ]
                        },
                        {
                          "type": {
                            "value": "ChangePlan"
                          },
                          "parameters": [
                            "listObjectText",
                            "=",
                            "listObject.ZOrder()+1"
                          ]
                        },
                        {
                          "type": {
                            "value": "ModVarObjetTxt"
                          },
                          "parameters": [
                            "listObject",
                            "id",
                            "=",
                            "VariableString(itemName)"
                          ]
                        },
                        {
                          "type": {
                            "value": "LinkedObjects::LinkObjects"
                          },
                          "parameters": [
                            "",
                            "listObjectText",
                            "listObject"
                          ]
                        }
                      ],
                      "events": [
                        {
                          "type": "BuiltinCommonInstructions::Standard",
                          "conditions": [
                            {
                              "type": {
                                "value": "BuiltinCommonInstructions::Or"
                              },
                              "parameters": [],
                              "subInstructions": [
                                {
                                  "type": {
                                    "value": "VarSceneTxt"
                                  },
                                  "parameters": [
                                    "saveData.settings.name",
                                    "=",
                                    "\"0\""
                                  ]
                                },
                                {
                                  "type": {
                                    "value": "VarSceneTxt"
                                  },
                                  "parameters": [
                                    "saveData.settings.name",
                                    "=",
                                    "\"\""
                                  ]
                                }
                              ]
                            }
                          ],
                          "actions": [
                            {
                              "type": {
                                "value": "BBText::SetBBText"
                              },
                              "parameters": [
                                "listObjectText",
                                "=",
                                "\"[size=32]\"+VariableString(saveData.settings.saveTime)+\"[/size]\"+NewLine()+VariableString(saveData.settings.saveTimeSmall)+\",  [i]Version: \"+VariableString(saveData.settings.version)+\"[/i]\""
                              ]
                            }
                          ]
                        }
                      ]
                    },
                    {
                      "type": "BuiltinCommonInstructions::Standard",
                      "conditions": [],
                      "actions": [
                        {
                          "type": {
                            "value": "ModVarScene"
                          },
                          "parameters": [
                            "listIndex",
                            "+",
                            "128"
                          ]
                        }
                      ]
                    }
                  ]
                },
                {
                  "type": "BuiltinCommonInstructions::Standard",
                  "conditions": [],
                  "actions": [
                    {
                      "type": {
                        "value": "ModVarScene"
                      },
                      "parameters": [
                        "listLimit",
                        "=",
                        "Variable(listIndex)"
                      ]
                    },
                    {
                      "type": {
                        "value": "Create"
                      },
                      "parameters": [
                        "",
                        "jacob",
                        "960",
                        "Variable(listIndex)+240",
                        "\"\""
                      ]
                    },
                    {
                      "type": {
                        "value": "ChangeScale"
                      },
                      "parameters": [
                        "jacob",
                        "=",
                        "4"
                      ]
                    },
                    {
                      "type": {
                        "value": "Opacity"
                      },
                      "parameters": [
                        "jacob",
                        "=",
                        "25"
                      ]
                    }
                  ]
                }
              ]
            },
            {
              "type": "BuiltinCommonInstructions::Standard",
              "conditions": [],
              "actions": [
                {
                  "type": {
                    "value": "Tween::TweenCameraPosition"
                  },
                  "parameters": [
                    "",
                    "\"scroll\"",
                    "CameraX()",
                    "Variable(listLimit)",
                    "\"\"",
                    "700",
                    "\"easeOutExpo\""
                  ]
                }
              ]
            }
          ]
        },
        {
          "type": "BuiltinCommonInstructions::Standard",
          "conditions": [
            {
              "type": {
                "value": "BuiltinCommonInstructions::Or"
              },
              "parameters": [],
              "subInstructions": [
                {
                  "type": {
                    "value": "IsMouseWheelScrollingDown"
                  },
                  "parameters": [
                    ""
                  ]
                },
                {
                  "type": {
                    "value": "IsMouseWheelScrollingUp"
                  },
                  "parameters": [
                    ""
                  ]
                }
              ]
            }
          ],
          "actions": [
            {
              "type": {
                "value": "Tween::TweenCameraPosition"
              },
              "parameters": [
                "",
                "\"scroll\"",
                "CameraX()",
                "clamp(CameraY()+MouseWheelDelta()*-3, 540, Variable(listLimit))",
                "\"\"",
                "250",
                "\"easeOutQuad\""
              ]
            },
            {
              "type": {
                "value": "Rotate"
              },
              "parameters": [
                "jacob",
                "MouseWheelDelta()*-7",
                ""
              ]
            }
          ]
        },
        {
          "type": "BuiltinCommonInstructions::Standard",
          "conditions": [],
          "actions": []
        },
        {
          "colorB": 228,
          "colorG": 176,
          "colorR": 74,
          "creationTime": 0,
          "name": "List Items",
          "source": "",
          "type": "BuiltinCommonInstructions::Group",
          "events": [
            {
              "type": "BuiltinCommonInstructions::Standard",
              "conditions": [
                {
                  "type": {
                    "value": "MouseButtonReleased"
                  },
                  "parameters": [
                    "",
                    "Right"
                  ]
                },
                {
                  "type": {
                    "value": "KeyPressed"
                  },
                  "parameters": [
                    "",
                    "LControl"
                  ]
                },
                {
                  "type": {
                    "value": "KeyPressed"
                  },
                  "parameters": [
                    "",
                    "d"
                  ]
                },
                {
                  "type": {
                    "value": "SourisSurObjet"
                  },
                  "parameters": [
                    "listObject",
                    "",
                    "",
                    ""
                  ]
                },
                {
                  "type": {
                    "value": "Layer"
                  },
                  "parameters": [
                    "background",
                    "\"GUI\""
                  ]
                },
                {
                  "type": {
                    "inverted": true,
                    "value": "SourisSurObjet"
                  },
                  "parameters": [
                    "background",
                    "",
                    "",
                    ""
                  ]
                }
              ],
              "actions": [],
              "events": [
                {
                  "type": "BuiltinCommonInstructions::Standard",
                  "conditions": [],
                  "actions": [
                    {
                      "type": {
                        "value": "SceneVariableRemoveAt"
                      },
                      "parameters": [
                        "saveList",
                        "listObject.Variable(id)"
                      ]
                    },
                    {
                      "type": {
                        "value": "ModVarScene"
                      },
                      "parameters": [
                        "deletedID",
                        "=",
                        "listObject.Variable(id)"
                      ]
                    },
                    {
                      "type": {
                        "value": "LinkedObjects::PickObjectsLinkedTo"
                      },
                      "parameters": [
                        "",
                        "listObjectText",
                        "listObject",
                        ""
                      ]
                    },
                    {
                      "type": {
                        "value": "Delete"
                      },
                      "parameters": [
                        "listObjectText",
                        ""
                      ]
                    },
                    {
                      "type": {
                        "value": "Delete"
                      },
                      "parameters": [
                        "listObject",
                        ""
                      ]
                    },
                    {
                      "type": {
                        "value": "EcrireFichierTxt"
                      },
                      "parameters": [
                        "\"Root/Save/SaveList\"",
                        "\"saveList\"",
                        "ToJSON(saveList)"
                      ]
                    }
                  ]
                },
                {
                  "type": "BuiltinCommonInstructions::Standard",
                  "conditions": [
                    {
                      "type": {
                        "value": "AjoutObjConcern"
                      },
                      "parameters": [
                        "",
                        "listObject"
                      ]
                    }
                  ],
                  "actions": [],
                  "events": [
                    {
                      "type": "BuiltinCommonInstructions::ForEach",
                      "object": "listObject",
                      "conditions": [
                        {
                          "type": {
                            "value": "VarObjet"
                          },
                          "parameters": [
                            "listObject",
                            "id",
                            ">",
                            "Variable(deletedID)"
                          ]
                        }
                      ],
                      "actions": [
                        {
                          "type": {
                            "value": "ModVarObjet"
                          },
                          "parameters": [
                            "listObject",
                            "id",
                            "-",
                            "1"
                          ]
                        }
                      ]
                    }
                  ]
                }
              ]
            },
            {
              "type": "BuiltinCommonInstructions::Standard",
              "conditions": [
                {
                  "type": {
                    "value": "MouseButtonReleased"
                  },
                  "parameters": [
                    "",
                    "Left"
                  ]
                },
                {
                  "type": {
                    "value": "SourisSurObjet"
                  },
                  "parameters": [
                    "listObject",
                    "",
                    "",
                    ""
                  ]
                },
                {
                  "type": {
                    "value": "Layer"
                  },
                  "parameters": [
                    "background",
                    "\"GUI\""
                  ]
                },
                {
                  "type": {
                    "inverted": true,
                    "value": "SourisSurObjet"
                  },
                  "parameters": [
                    "background",
                    "",
                    "",
                    ""
                  ]
                }
              ],
              "actions": [],
              "events": [
                {
                  "type": "BuiltinCommonInstructions::Standard",
                  "conditions": [],
                  "actions": [
                    {
                      "type": {
                        "value": "ModVarGlobalTxt"
                      },
                      "parameters": [
                        "saveJSON",
                        "=",
                        "ToJSON(saveList[listObject.VariableString(id)])"
                      ]
                    },
                    {
                      "type": {
                        "value": "SetGlobalVariableAsBoolean"
                      },
                      "parameters": [
                        "saveLoaded",
                        "True"
                      ]
                    },
                    {
                      "type": {
                        "value": "Scene"
                      },
                      "parameters": [
                        "",
                        "\"stage\"",
                        ""
                      ]
                    }
                  ]
                }
              ]
            }
          ],
          "parameters": []
        },
        {
          "type": "BuiltinCommonInstructions::Standard",
          "conditions": [
            {
              "type": {
                "value": "Click::click"
              },
              "parameters": [
                "home",
                "Left",
                "home",
                ""
              ]
            }
          ],
          "actions": [
            {
              "type": {
                "value": "Scene"
              },
              "parameters": [
                "",
                "\"menu\"",
                ""
              ]
            }
          ]
        }
      ],
      "parameters": []
    }
  ],
  "layers": [
    {
      "ambientLightColorB": 11182304,
      "ambientLightColorG": 6043600,
      "ambientLightColorR": 10349600,
      "followBaseLayerCamera": false,
      "isLightingLayer": false,
      "name": "back",
      "visibility": false,
      "cameras": [],
      "effects": []
    },
    {
      "ambientLightColorB": 2,
      "ambientLightColorG": 134217728,
      "ambientLightColorR": 1597197633,
      "followBaseLayerCamera": false,
      "isLightingLayer": false,
      "name": "",
      "visibility": true,
      "cameras": [
        {
          "defaultSize": true,
          "defaultViewport": true,
          "height": 0,
          "viewportBottom": 1,
          "viewportLeft": 0,
          "viewportRight": 1,
          "viewportTop": 0,
          "width": 0
        }
      ],
      "effects": []
    },
    {
      "ambientLightColorB": 7993928,
      "ambientLightColorG": 6046000,
      "ambientLightColorR": 13350928,
      "followBaseLayerCamera": false,
      "isLightingLayer": false,
      "name": "GUI",
      "visibility": true,
      "cameras": [],
      "effects": []
    }
  ],
  "behaviorsSharedData": []
}